Uniparental maternal,,
Uniparental maternal,,
Uniparental maternal,,
Uniparental maternal,,
,,Biparental
,Uniparental paternal,
,,Biparental
,,Biparental
,,Biparental
Uniparental maternal,Uniparental paternal,
,Uniparental paternal,
Uniparental maternal,Uniparental paternal,Biparental
Uniparental maternal,Uniparental paternal,Biparental
Uniparental maternal,,
,,Biparental
Uniparental maternal,Uniparental paternal,
Uniparental maternal,,Biparental
Uniparental maternal,,Biparental
Uniparental maternal,,Biparental
Uniparental maternal,Uniparental paternal,Biparental
Uniparental maternal,Uniparental paternal,Biparental
Uniparental maternal,Uniparental paternal,Biparental
Uniparental maternal,Uniparental paternal,Biparental
Uniparental maternal,,
Uniparental maternal,Uniparental paternal,Biparental
,,Biparental
Uniparental maternal,Uniparental paternal,
Uniparental maternal,Uniparental paternal,Biparental
Uniparental maternal,Uniparental paternal,Biparental
Uniparental maternal,Uniparental paternal,Biparental
Uniparental maternal,Uniparental paternal,Biparental
Uniparental maternal,Uniparental paternal,Biparental
Uniparental maternal,Uniparental paternal,Biparental
Uniparental maternal,Uniparental paternal,
Uniparental maternal,,
,Uniparental paternal,
Uniparental maternal,,
Uniparental maternal,,
Uniparental maternal,,
Uniparental maternal,,Biparental
Uniparental maternal,,
Uniparental maternal,,
Uniparental maternal,,Biparental
Uniparental maternal,,Biparental
Uniparental maternal,,
Uniparental maternal,,
,Uniparental paternal,
Uniparental maternal,,
,,Biparental
Uniparental maternal,,
Uniparental maternal,,
Uniparental maternal,,
,,Biparental
Uniparental maternal,,
Uniparental maternal,,
Uniparental maternal,,
Uniparental maternal,,
Uniparental maternal,,
Uniparental maternal,,
,,Biparental
,,Biparental
Uniparental maternal,,
Uniparental maternal,,
Uniparental maternal,,
Uniparental maternal,,
Uniparental maternal,,
Uniparental maternal,,
Uniparental maternal,,Biparental
Uniparental maternal,,Biparental
Uniparental maternal,Uniparental paternal,
Uniparental maternal,Uniparental paternal,Biparental
Uniparental maternal,,
,Uniparental paternal,
,,Biparental
,,Biparental
,,Biparental
Uniparental maternal,Uniparental paternal,Biparental
Uniparental maternal,Uniparental paternal,Biparental
Uniparental maternal,Uniparental paternal,Biparental
Uniparental maternal,,
Uniparental maternal,,
Uniparental maternal,,
,Uniparental paternal,
,Uniparental paternal,
,Uniparental paternal,
,Uniparental paternal,
Uniparental maternal,,
Uniparental maternal,,
Uniparental maternal,,
Uniparental maternal,Uniparental paternal,
,Uniparental paternal,
,,Biparental
,Uniparental paternal,
Uniparental maternal,,
,Uniparental paternal,
Uniparental maternal,,
Uniparental maternal,,
Uniparental maternal,Uniparental paternal,Biparental
Uniparental maternal,,
Uniparental maternal,,
Uniparental maternal,,
Uniparental maternal,Uniparental paternal,
Uniparental maternal,,
Uniparental maternal,Uniparental paternal,Biparental